resume_text,label
"Candidate with c++ java sql leadership python excel, 
    3 years experience, 
    1 internships, 
    CGPA 2.21",1
"Candidate with leadership c++ excel, 
    1 years experience, 
    3 internships, 
    CGPA 3.03",1
"Candidate with data science c++ machine learning java python, 
    1 years experience, 
    3 internships, 
    CGPA 3.36",1
"Candidate with deep learning python sql data science java, 
    3 years experience, 
    2 internships, 
    CGPA 2.18",1
"Candidate with excel python machine learning deep learning leadership sql, 
    0 years experience, 
    2 internships, 
    CGPA 3.7",1
"Candidate with machine learning python sql leadership, 
    3 years experience, 
    3 internships, 
    CGPA 3.07",1
"Candidate with leadership java machine learning excel sql data science, 
    5 years experience, 
    0 internships, 
    CGPA 3.05",1
"Candidate with python excel leadership deep learning machine learning, 
    2 years experience, 
    0 internships, 
    CGPA 3.19",1
"Candidate with machine learning data science excel java leadership, 
    3 years experience, 
    1 internships, 
    CGPA 2.46",1
"Candidate with data science excel leadership deep learning c++, 
    2 years experience, 
    2 internships, 
    CGPA 3.1",1
"Candidate with python communication sql c++ machine learning leadership, 
    5 years experience, 
    3 internships, 
    CGPA 2.92",1
"Candidate with leadership deep learning excel sql python data science, 
    3 years experience, 
    2 internships, 
    CGPA 2.08",1
"Candidate with sql java excel python, 
    3 years experience, 
    0 internships, 
    CGPA 3.56",1
"Candidate with data science c++ sql leadership python, 
    3 years experience, 
    3 internships, 
    CGPA 2.6",1
"Candidate with sql leadership python excel, 
    4 years experience, 
    0 internships, 
    CGPA 2.91",1
"Candidate with communication java data science, 
    0 years experience, 
    0 internships, 
    CGPA 3.62",1
"Candidate with machine learning sql excel python communication java, 
    1 years experience, 
    1 internships, 
    CGPA 3.25",1
"Candidate with leadership deep learning machine learning python data science communication, 
    5 years experience, 
    3 internships, 
    CGPA 2.49",1
"Candidate with c++ excel java python, 
    4 years experience, 
    0 internships, 
    CGPA 2.23",1
"Candidate with machine learning excel sql java communication c++, 
    4 years experience, 
    3 internships, 
    CGPA 2.04",1
"Candidate with excel sql java python c++ data science, 
    1 years experience, 
    1 internships, 
    CGPA 3.25",1
"Candidate with excel machine learning sql, 
    3 years experience, 
    3 internships, 
    CGPA 3.5",1
"Candidate with communication java excel python deep learning data science, 
    3 years experience, 
    2 internships, 
    CGPA 3.54",1
"Candidate with c++ machine learning deep learning communication data science leadership, 
    4 years experience, 
    0 internships, 
    CGPA 3.16",1
"Candidate with sql data science excel java machine learning, 
    2 years experience, 
    0 internships, 
    CGPA 2.51",1
"Candidate with machine learning c++ python sql data science excel, 
    5 years experience, 
    0 internships, 
    CGPA 2.76",1
"Candidate with java leadership data science sql communication, 
    2 years experience, 
    1 internships, 
    CGPA 2.61",1
"Candidate with java leadership deep learning communication, 
    1 years experience, 
    2 internships, 
    CGPA 2.57",1
"Candidate with deep learning excel sql c++ java, 
    0 years experience, 
    2 internships, 
    CGPA 3.8",1
"Candidate with leadership python machine learning deep learning excel data science, 
    1 years experience, 
    2 internships, 
    CGPA 3.2",1
"Candidate with deep learning excel sql java c++ communication, 
    2 years experience, 
    2 internships, 
    CGPA 2.69",1
"Candidate with deep learning python sql, 
    5 years experience, 
    0 internships, 
    CGPA 2.48",1
"Candidate with leadership data science sql communication deep learning java, 
    4 years experience, 
    2 internships, 
    CGPA 3.56",1
"Candidate with deep learning sql machine learning leadership java data science, 
    4 years experience, 
    2 internships, 
    CGPA 3.05",1
"Candidate with c++ java deep learning leadership sql excel, 
    0 years experience, 
    0 internships, 
    CGPA 3.05",1
"Candidate with python sql machine learning excel c++, 
    3 years experience, 
    1 internships, 
    CGPA 3.77",1
"Candidate with machine learning sql deep learning, 
    0 years experience, 
    1 internships, 
    CGPA 3.09",1
"Candidate with java data science machine learning deep learning excel, 
    0 years experience, 
    1 internships, 
    CGPA 2.11",0
"Candidate with c++ communication deep learning, 
    1 years experience, 
    0 internships, 
    CGPA 2.16",0
"Candidate with leadership c++ communication, 
    0 years experience, 
    1 internships, 
    CGPA 2.37",0
"Candidate with excel c++ data science, 
    0 years experience, 
    0 internships, 
    CGPA 2.22",0
"Candidate with excel python leadership sql c++, 
    0 years experience, 
    0 internships, 
    CGPA 2.61",0
"Candidate with communication c++ machine learning data science python, 
    0 years experience, 
    1 internships, 
    CGPA 2.18",0
"Candidate with data science communication leadership python sql machine learning, 
    0 years experience, 
    1 internships, 
    CGPA 2.41",0
"Candidate with deep learning excel c++ communication, 
    0 years experience, 
    0 internships, 
    CGPA 2.57",0
"Candidate with machine learning python java excel leadership deep learning, 
    1 years experience, 
    0 internships, 
    CGPA 2.25",0
"Candidate with java excel sql data science deep learning machine learning, 
    0 years experience, 
    0 internships, 
    CGPA 2.83",0
"Candidate with sql leadership data science machine learning excel, 
    0 years experience, 
    0 internships, 
    CGPA 2.6",0
"Candidate with deep learning machine learning c++ leadership, 
    1 years experience, 
    0 internships, 
    CGPA 2.12",0
"Candidate with data science leadership java communication excel, 
    1 years experience, 
    0 internships, 
    CGPA 2.43",0
"Candidate with data science excel python sql deep learning communication, 
    1 years experience, 
    0 internships, 
    CGPA 2.39",0
"Candidate with java excel leadership, 
    1 years experience, 
    0 internships, 
    CGPA 2.01",0
"Candidate with java sql deep learning python communication, 
    0 years experience, 
    1 internships, 
    CGPA 2.14",0
"Candidate with excel machine learning java c++ leadership, 
    0 years experience, 
    0 internships, 
    CGPA 2.1",0
"Candidate with communication leadership excel python, 
    1 years experience, 
    0 internships, 
    CGPA 2.45",0
"Candidate with deep learning sql data science, 
    0 years experience, 
    0 internships, 
    CGPA 2.85",0
"Candidate with deep learning python data science excel c++ communication, 
    0 years experience, 
    1 internships, 
    CGPA 2.33",0
"Candidate with leadership machine learning java communication, 
    0 years experience, 
    0 internships, 
    CGPA 2.95",0
"Candidate with communication leadership machine learning data science, 
    0 years experience, 
    0 internships, 
    CGPA 2.88",0
"Candidate with data science excel machine learning deep learning c++ communication, 
    1 years experience, 
    0 internships, 
    CGPA 2.28",0
"Candidate with c++ python deep learning java data science communication, 
    0 years experience, 
    0 internships, 
    CGPA 2.59",0
"Candidate with data science python c++, 
    0 years experience, 
    0 internships, 
    CGPA 2.45",0
"Candidate with java machine learning excel python c++ deep learning, 
    0 years experience, 
    1 internships, 
    CGPA 2.13",0
"Candidate with excel communication java, 
    0 years experience, 
    0 internships, 
    CGPA 2.9",0
"Candidate with c++ python java, 
    0 years experience, 
    0 internships, 
    CGPA 2.64",0
"Candidate with data science excel deep learning sql java python, 
    1 years experience, 
    0 internships, 
    CGPA 2.48",0
"Candidate with c++ leadership communication excel deep learning, 
    0 years experience, 
    0 internships, 
    CGPA 2.28",0
"Candidate with c++ sql java communication leadership excel, 
    1 years experience, 
    0 internships, 
    CGPA 2.35",0
"Candidate with data science java communication deep learning leadership, 
    0 years experience, 
    1 internships, 
    CGPA 2.3",0
"Candidate with c++ leadership deep learning data science communication machine learning, 
    1 years experience, 
    0 internships, 
    CGPA 2.39",0
"Candidate with java deep learning machine learning python communication, 
    1 years experience, 
    0 internships, 
    CGPA 2.12",0
"Candidate with python sql deep learning, 
    0 years experience, 
    0 internships, 
    CGPA 2.77",0
"Candidate with deep learning communication java, 
    0 years experience, 
    0 internships, 
    CGPA 2.78",0
"Candidate with python communication data science, 
    0 years experience, 
    0 internships, 
    CGPA 2.49",0
